{"cameraMode":{"drawMode":0,"name":"Shaded","section":"Shading Mode"},"sceneLighting":true,"audioPlay":false,"sceneViewState":{"showFog":true,"showMaterialUpdate":false,"showSkybox":true,"showFlares":true,"showImageEffects":true,"showParticleSystems":true},"in2DMode":false,"pivot":{"x":-10.057432174682618,"y":-0.5429537296295166,"z":-2.320204257965088},"rotation":{"x":-0.002248726086691022,"y":-0.9929164052009583,"z":0.11731766909360886,"w":-0.019058886915445329},"size":1.6254364252090455,"orthographic":false}