{"cameraMode":{"drawMode":0,"name":"Shaded","section":"Shading Mode"},"sceneLighting":true,"audioPlay":false,"sceneViewState":{"showFog":true,"showMaterialUpdate":false,"showSkybox":true,"showFlares":true,"showImageEffects":true,"showParticleSystems":true},"in2DMode":false,"pivot":{"x":0.90301513671875,"y":0.3783096373081207,"z":0.6681138873100281},"rotation":{"x":0.061886757612228397,"y":0.9379770755767822,"z":-0.23283223807811738,"w":0.2493227869272232},"size":11.048445701599121,"orthographic":false}