{"cameraMode":{"drawMode":0,"name":"Shaded","section":"Shading Mode"},"sceneLighting":true,"audioPlay":false,"sceneViewState":{"showFog":true,"showMaterialUpdate":false,"showSkybox":true,"showFlares":true,"showImageEffects":true,"showParticleSystems":true},"in2DMode":false,"pivot":{"x":319.92425537109377,"y":602.88330078125,"z":0.0},"rotation":{"x":-0.13189825415611268,"y":-0.019913461059331895,"z":0.0026387558318674566,"w":-0.9910736083984375},"size":117.72837829589844,"orthographic":false}