{"cameraMode":{"drawMode":0,"name":"Shaded","section":"Shading Mode"},"sceneLighting":true,"audioPlay":false,"sceneViewState":{"showFog":true,"showMaterialUpdate":false,"showSkybox":true,"showFlares":true,"showImageEffects":true,"showParticleSystems":true},"in2DMode":false,"pivot":{"x":35.393577575683597,"y":-0.41854000091552737,"z":-0.09422284364700318},"rotation":{"x":0.01297131646424532,"y":0.9833120703697205,"z":-0.0777537003159523,"w":0.16404013335704804},"size":1.384674072265625,"orthographic":false}