{"cameraMode":{"drawMode":0,"name":"Shaded","section":"Shading Mode"},"sceneLighting":true,"audioPlay":false,"sceneViewState":{"showFog":true,"showMaterialUpdate":false,"showSkybox":true,"showFlares":true,"showImageEffects":true,"showParticleSystems":true},"in2DMode":false,"pivot":{"x":35.393577575683597,"y":-0.41854000091552737,"z":-0.09422284364700318},"rotation":{"x":-0.26301640272140505,"y":0.7234635353088379,"z":-0.5258384943008423,"w":-0.36186832189559939},"size":10.0,"orthographic":false}