{"cameraMode":{"drawMode":0,"name":"Shaded","section":"Shading Mode"},"sceneLighting":true,"audioPlay":false,"sceneViewState":{"showFog":true,"showMaterialUpdate":false,"showSkybox":true,"showFlares":true,"showImageEffects":true,"showParticleSystems":true},"in2DMode":false,"pivot":{"x":-78.17400360107422,"y":-0.11355465650558472,"z":3.135223150253296},"rotation":{"x":0.1431959867477417,"y":0.8566300272941589,"z":-0.35996872186660769,"w":0.3407754898071289},"size":0.4907795190811157,"orthographic":false}