{"cameraMode":{"drawMode":0,"name":"Shaded","section":"Shading Mode"},"sceneLighting":true,"audioPlay":false,"sceneViewState":{"showFog":true,"showMaterialUpdate":false,"showSkybox":true,"showFlares":true,"showImageEffects":true,"showParticleSystems":true},"in2DMode":false,"pivot":{"x":0.024901390075683595,"y":-1.0613555908203126,"z":-2.095879554748535},"rotation":{"x":0.048165760934352878,"y":0.9176650643348694,"z":-0.11736889183521271,"w":0.376568078994751},"size":5.417514801025391,"orthographic":false}