{"cameraMode":{"drawMode":0,"name":"Shaded","section":"Shading Mode"},"sceneLighting":false,"audioPlay":false,"sceneViewState":{"showFog":true,"showMaterialUpdate":false,"showSkybox":false,"showFlares":true,"showImageEffects":true,"showParticleSystems":true},"in2DMode":false,"pivot":{"x":0.00005696713924407959,"y":0.015259742736816407,"z":-0.0018114186823368073},"rotation":{"x":0.1070372685790062,"y":0.8929605484008789,"z":-0.3076677918434143,"w":0.31065890192985537},"size":0.3458343744277954,"orthographic":false}