{"cameraMode":{"drawMode":0,"name":"Shaded","section":"Shading Mode"},"sceneLighting":true,"audioPlay":false,"sceneViewState":{"showFog":true,"showMaterialUpdate":false,"showSkybox":true,"showFlares":true,"showImageEffects":true,"showParticleSystems":true},"in2DMode":false,"pivot":{"x":18.956157684326173,"y":-5.6636481285095219,"z":-12.560809135437012},"rotation":{"x":-0.02742108888924122,"y":0.9709263443946838,"z":-0.19450406730175019,"w":-0.13692399859428407},"size":14.97219181060791,"orthographic":false}