{"cameraMode":{"drawMode":0,"name":"Shaded","section":"Shading Mode"},"sceneLighting":true,"audioPlay":false,"sceneViewState":{"showFog":true,"showMaterialUpdate":true,"showSkybox":true,"showFlares":true,"showImageEffects":true,"showParticleSystems":true},"in2DMode":false,"pivot":{"x":32.523353576660159,"y":-0.015000104904174805,"z":0.19999998807907105},"rotation":{"x":0.1782783716917038,"y":0.8097047209739685,"z":-0.4682741165161133,"w":0.30611252784729006},"size":0.6011526584625244,"orthographic":false}