{"cameraMode":{"drawMode":0,"name":"Shaded","section":"Shading Mode"},"sceneLighting":true,"audioPlay":false,"sceneViewState":{"showFog":true,"showMaterialUpdate":true,"showSkybox":true,"showFlares":true,"showImageEffects":true,"showParticleSystems":true},"in2DMode":false,"pivot":{"x":3.9707999229431154,"y":0.2983720898628235,"z":-11.914417266845704},"rotation":{"x":-0.06575164198875427,"y":0.9108086824417114,"z":-0.16307643055915833,"w":-0.37404128909111025},"size":1.0784066915512086,"orthographic":false}