{"cameraMode":{"drawMode":0,"name":"Shaded","section":"Shading Mode"},"sceneLighting":true,"audioPlay":false,"sceneViewState":{"showFog":true,"showMaterialUpdate":true,"showSkybox":true,"showFlares":true,"showImageEffects":true,"showParticleSystems":true},"in2DMode":false,"pivot":{"x":32.524532318115237,"y":-0.14630195498466493,"z":0.07863020896911621},"rotation":{"x":-0.05817236378788948,"y":-0.024294227361679078,"z":0.001255103386938572,"w":-0.9981319904327393},"size":0.6022250652313232,"orthographic":false}