{"cameraMode":{"drawMode":0,"name":"Shaded","section":"Shading Mode"},"sceneLighting":true,"audioPlay":false,"sceneViewState":{"showFog":true,"showMaterialUpdate":true,"showSkybox":true,"showFlares":true,"showImageEffects":true,"showParticleSystems":true},"in2DMode":false,"pivot":{"x":35.055999755859378,"y":0.7179999947547913,"z":-0.04849998652935028},"rotation":{"x":-0.004124642349779606,"y":0.9607812762260437,"z":0.014722771942615509,"w":0.2771076261997223},"size":2.1803112030029299,"orthographic":false}