{"cameraMode":{"drawMode":0,"name":"Shaded","section":"Shading Mode"},"sceneLighting":true,"audioPlay":false,"sceneViewState":{"showFog":true,"showMaterialUpdate":false,"showSkybox":true,"showFlares":true,"showImageEffects":true,"showParticleSystems":true},"in2DMode":false,"pivot":{"x":34.40700149536133,"y":1.2390506267547608,"z":0.3009999990463257},"rotation":{"x":-0.0018294156761839986,"y":0.9981715083122253,"z":-0.04465830698609352,"w":-0.04104677960276604},"size":1.1627546548843384,"orthographic":false}