{"cameraMode":{"drawMode":0,"name":"Shaded","section":"Shading Mode"},"sceneLighting":true,"audioPlay":false,"sceneViewState":{"showFog":true,"showMaterialUpdate":true,"showSkybox":true,"showFlares":true,"showImageEffects":true,"showParticleSystems":true},"in2DMode":false,"pivot":{"x":35.099998474121097,"y":1.159999966621399,"z":3.440000057220459},"rotation":{"x":0.006068703718483448,"y":0.9859950542449951,"z":-0.16297321021556855,"w":0.03608481585979462},"size":10.0,"orthographic":false}