{"cameraMode":{"drawMode":0,"name":"Shaded","section":"Shading Mode"},"sceneLighting":true,"audioPlay":false,"sceneViewState":{"showFog":true,"showMaterialUpdate":true,"showSkybox":true,"showFlares":true,"showImageEffects":true,"showParticleSystems":true},"in2DMode":false,"pivot":{"x":0.8056163787841797,"y":0.15036273002624513,"z":-14.56096363067627},"rotation":{"x":-0.0018306656274944544,"y":0.9972073435783386,"z":-0.04768209531903267,"w":-0.06093480810523033},"size":5.51184606552124,"orthographic":false}