{"cameraMode":{"drawMode":0,"name":"Shaded","section":"Shading Mode"},"sceneLighting":true,"audioPlay":false,"sceneViewState":{"showFog":true,"showMaterialUpdate":true,"showSkybox":true,"showFlares":true,"showImageEffects":true,"showParticleSystems":true},"in2DMode":false,"pivot":{"x":0.8799972534179688,"y":-0.024682044982910157,"z":0.2659810781478882},"rotation":{"x":0.04196983575820923,"y":0.9434732794761658,"z":-0.13072076439857484,"w":0.3020802140235901},"size":4.5537638664245609,"orthographic":false}