{"cameraMode":{"drawMode":0,"name":"Shaded","section":"Shading Mode"},"sceneLighting":true,"audioPlay":false,"sceneViewState":{"showFog":true,"showMaterialUpdate":true,"showSkybox":true,"showFlares":true,"showImageEffects":true,"showParticleSystems":true},"in2DMode":false,"pivot":{"x":35.0584602355957,"y":-0.4320606291294098,"z":-0.131552055478096},"rotation":{"x":-0.4905468225479126,"y":0.012709785252809525,"z":-0.007339146453887224,"w":-0.8714311122894287},"size":0.5878505110740662,"orthographic":false}