{"cameraMode":{"drawMode":0,"name":"Shaded","section":"Shading Mode"},"sceneLighting":true,"audioPlay":false,"sceneViewState":{"showFog":true,"showMaterialUpdate":true,"showSkybox":true,"showFlares":true,"showImageEffects":true,"showParticleSystems":true},"in2DMode":false,"pivot":{"x":32.5400390625,"y":-0.05215614661574364,"z":0.04599752277135849},"rotation":{"x":-0.10532787442207337,"y":-0.8943419456481934,"z":0.2895888090133667,"w":-0.3246743381023407},"size":0.37988728284835818,"orthographic":false}