{"cameraMode":{"drawMode":0,"name":"Shaded","section":"Shading Mode"},"sceneLighting":true,"audioPlay":false,"sceneViewState":{"showFog":true,"showMaterialUpdate":true,"showSkybox":true,"showFlares":true,"showImageEffects":true,"showParticleSystems":true},"in2DMode":false,"pivot":{"x":35.0589485168457,"y":-0.38604405522346499,"z":-0.06605803966522217},"rotation":{"x":-0.0001618530513951555,"y":0.999761700630188,"z":-0.021308112889528276,"w":-0.008397064171731472},"size":0.7794912457466126,"orthographic":false}