{"cameraMode":{"drawMode":0,"name":"Shaded","section":"Shading Mode"},"sceneLighting":true,"audioPlay":false,"sceneViewState":{"showFog":true,"showMaterialUpdate":true,"showSkybox":true,"showFlares":true,"showImageEffects":true,"showParticleSystems":true},"in2DMode":false,"pivot":{"x":-0.17820996046066285,"y":-0.278015673160553,"z":0.8597530722618103},"rotation":{"x":-0.041203923523426059,"y":-0.9587622880935669,"z":0.2085747867822647,"w":-0.18931874632835389},"size":0.838788628578186,"orthographic":false}