{"cameraMode":{"drawMode":0,"name":"Shaded","section":"Shading Mode"},"sceneLighting":false,"audioPlay":false,"sceneViewState":{"showFog":true,"showMaterialUpdate":true,"showSkybox":false,"showFlares":true,"showImageEffects":true,"showParticleSystems":true},"in2DMode":false,"pivot":{"x":34.99242401123047,"y":0.6989506483078003,"z":0.2273341864347458},"rotation":{"x":-0.008526820689439774,"y":0.9862121939659119,"z":-0.15633361041545869,"w":-0.053902287036180499},"size":0.23121429979801179,"orthographic":false}