{"cameraMode":{"drawMode":0,"name":"Shaded","section":"Shading Mode"},"sceneLighting":true,"audioPlay":false,"sceneViewState":{"showFog":true,"showMaterialUpdate":true,"showSkybox":true,"showFlares":true,"showImageEffects":true,"showParticleSystems":true},"in2DMode":false,"pivot":{"x":35.0359992980957,"y":0.7743092775344849,"z":-0.08800011873245239},"rotation":{"x":-0.21112434566020966,"y":0.009913003072142601,"z":-0.0023024699185043575,"w":-0.9775310754776001},"size":0.6635726094245911,"orthographic":false}