{"cameraMode":{"drawMode":0,"name":"Shaded","section":"Shading Mode"},"sceneLighting":true,"audioPlay":false,"sceneViewState":{"showFog":true,"showMaterialUpdate":true,"showSkybox":true,"showFlares":true,"showImageEffects":true,"showParticleSystems":true},"in2DMode":false,"pivot":{"x":32.558807373046878,"y":-0.48013076186180117,"z":-0.014845401048660279},"rotation":{"x":0.03969670832157135,"y":0.9171032309532166,"z":-0.3865616023540497,"w":0.09139116108417511},"size":0.6346213221549988,"orthographic":false}