{"cameraMode":{"drawMode":0,"name":"Shaded","section":"Shading Mode"},"sceneLighting":true,"audioPlay":false,"sceneViewState":{"showFog":true,"showMaterialUpdate":true,"showSkybox":true,"showFlares":true,"showImageEffects":true,"showParticleSystems":true},"in2DMode":false,"pivot":{"x":31.757843017578126,"y":-0.6657659411430359,"z":-1.6804033517837525},"rotation":{"x":-0.06490173935890198,"y":-0.8980478048324585,"z":0.4120478928089142,"w":-0.1408013254404068},"size":0.9572266340255737,"orthographic":false}