{"cameraMode":{"drawMode":0,"name":"Shaded","section":"Shading Mode"},"sceneLighting":false,"audioPlay":false,"sceneViewState":{"showFog":true,"showMaterialUpdate":false,"showSkybox":false,"showFlares":true,"showImageEffects":true,"showParticleSystems":true},"in2DMode":false,"pivot":{"x":-0.00005918741226196289,"y":0.012445434927940369,"z":-0.0022027790546417238},"rotation":{"x":0.308030366897583,"y":-0.5917737483978272,"z":0.26130202412605288,"w":0.6976035237312317},"size":0.46797114610671999,"orthographic":false}