{"cameraMode":{"drawMode":0,"name":"Shaded","section":"Shading Mode"},"sceneLighting":true,"audioPlay":false,"sceneViewState":{"showFog":true,"showMaterialUpdate":true,"showSkybox":true,"showFlares":true,"showImageEffects":true,"showParticleSystems":true},"in2DMode":false,"pivot":{"x":32.54295349121094,"y":-0.09664267301559448,"z":0.19026103615760804},"rotation":{"x":0.05694656819105148,"y":-0.7684135437011719,"z":0.06917686760425568,"w":0.6338286399841309},"size":0.3383319079875946,"orthographic":false}