{"cameraMode":{"drawMode":0,"name":"Shaded","section":"Shading Mode"},"sceneLighting":true,"audioPlay":false,"sceneViewState":{"showFog":true,"showMaterialUpdate":true,"showSkybox":true,"showFlares":true,"showImageEffects":true,"showParticleSystems":true},"in2DMode":false,"pivot":{"x":33.8018913269043,"y":0.616458535194397,"z":-0.7032985687255859},"rotation":{"x":-0.003954041749238968,"y":0.9795452952384949,"z":-0.20082154870033265,"w":-0.019728999584913255},"size":2.0548431873321535,"orthographic":false}