{"cameraMode":{"drawMode":0,"name":"Shaded","section":"Shading Mode"},"sceneLighting":true,"audioPlay":false,"sceneViewState":{"showFog":true,"showMaterialUpdate":true,"showSkybox":true,"showFlares":true,"showImageEffects":true,"showParticleSystems":true},"in2DMode":false,"pivot":{"x":32.67300033569336,"y":-0.5,"z":-0.8849999904632568},"rotation":{"x":-0.010135063901543618,"y":-0.9743019342422485,"z":0.2211550772190094,"w":-0.044135719537734988},"size":1.1881704330444337,"orthographic":false}