{"cameraMode":{"drawMode":0,"name":"Shaded","section":"Shading Mode"},"sceneLighting":false,"audioPlay":false,"sceneViewState":{"showFog":true,"showMaterialUpdate":false,"showSkybox":false,"showFlares":true,"showImageEffects":true,"showParticleSystems":true},"in2DMode":false,"pivot":{"x":0.002089768648147583,"y":0.014543473720550537,"z":-0.0018712766468524933},"rotation":{"x":0.06835979968309403,"y":0.9249826669692993,"z":-0.20035526156425477,"w":0.3155905604362488},"size":0.478532612323761,"orthographic":false}