{"cameraMode":{"drawMode":0,"name":"Shaded","section":"Shading Mode"},"sceneLighting":true,"audioPlay":false,"sceneViewState":{"showFog":true,"showMaterialUpdate":true,"showSkybox":true,"showFlares":true,"showImageEffects":true,"showParticleSystems":true},"in2DMode":false,"pivot":{"x":287.505126953125,"y":0.7222650647163391,"z":1.719999074935913},"rotation":{"x":-0.021411025896668435,"y":0.9765011072158814,"z":-0.1804530769586563,"w":-0.11691054701805115},"size":252.5019989013672,"orthographic":false}