{"cameraMode":{"drawMode":0,"name":"Shaded","section":"Shading Mode"},"sceneLighting":true,"audioPlay":false,"sceneViewState":{"showFog":true,"showMaterialUpdate":true,"showSkybox":true,"showFlares":true,"showImageEffects":true,"showParticleSystems":true},"in2DMode":false,"pivot":{"x":0.8055784702301025,"y":0.09373295307159424,"z":-0.7450971603393555},"rotation":{"x":-0.006451940163969994,"y":0.7932857275009155,"z":0.010162138380110264,"w":0.6090824007987976},"size":1.7087687253952027,"orthographic":false}