{"cameraMode":{"drawMode":0,"name":"Shaded","section":"Shading Mode"},"sceneLighting":false,"audioPlay":false,"sceneViewState":{"showFog":true,"showMaterialUpdate":false,"showSkybox":false,"showFlares":true,"showImageEffects":true,"showParticleSystems":true},"in2DMode":false,"pivot":{"x":0.0003283880650997162,"y":0.01525905355811119,"z":-0.0018132771365344525},"rotation":{"x":0.1953270435333252,"y":-0.770812451839447,"z":0.2798937261104584,"w":0.5379242300987244},"size":0.2663044035434723,"orthographic":false}