{"cameraMode":{"drawMode":0,"name":"Shaded","section":"Shading Mode"},"sceneLighting":true,"audioPlay":false,"sceneViewState":{"showFog":true,"showMaterialUpdate":true,"showSkybox":true,"showFlares":true,"showImageEffects":true,"showParticleSystems":true},"in2DMode":false,"pivot":{"x":32.55671691894531,"y":-0.1496610939502716,"z":0.04248121380805969},"rotation":{"x":-0.07841239869594574,"y":-0.9112263321876526,"z":0.20390169322490693,"w":-0.3495081067085266},"size":0.5393785238265991,"orthographic":false}