{"cameraMode":{"drawMode":0,"name":"Shaded","section":"Shading Mode"},"sceneLighting":true,"audioPlay":false,"sceneViewState":{"showFog":true,"showMaterialUpdate":true,"showSkybox":true,"showFlares":true,"showImageEffects":true,"showParticleSystems":true},"in2DMode":false,"pivot":{"x":0.805556058883667,"y":-0.281599760055542,"z":-0.7588452100753784},"rotation":{"x":0.03969670832157135,"y":0.9171032309532166,"z":-0.3865616023540497,"w":0.09139116108417511},"size":1.3645541667938233,"orthographic":false}