{"cameraMode":{"drawMode":0,"name":"Shaded","section":"Shading Mode"},"sceneLighting":true,"audioPlay":false,"sceneViewState":{"showFog":true,"showMaterialUpdate":true,"showSkybox":true,"showFlares":true,"showImageEffects":true,"showParticleSystems":true},"in2DMode":false,"pivot":{"x":35.0589485168457,"y":-0.38604405522346499,"z":-0.06605806946754456},"rotation":{"x":-0.000059981153754051775,"y":0.9892072081565857,"z":-0.14678366482257844,"w":-0.0009017865522764623},"size":1.4717663526535035,"orthographic":false}