{"cameraMode":{"drawMode":0,"name":"Shaded","section":"Shading Mode"},"sceneLighting":true,"audioPlay":false,"sceneViewState":{"showFog":true,"showMaterialUpdate":true,"showSkybox":true,"showFlares":true,"showImageEffects":true,"showParticleSystems":true},"in2DMode":false,"pivot":{"x":31.68000030517578,"y":0.0,"z":-0.7300000190734863},"rotation":{"x":0.04201607033610344,"y":0.9576184153556824,"z":-0.17104606330394746,"w":0.22885659337043763},"size":0.3624280095100403,"orthographic":false}