{"cameraMode":{"drawMode":0,"name":"Shaded","section":"Shading Mode"},"sceneLighting":true,"audioPlay":false,"sceneViewState":{"showFog":true,"showMaterialUpdate":true,"showSkybox":true,"showFlares":true,"showImageEffects":true,"showParticleSystems":true},"in2DMode":false,"pivot":{"x":32.79999923706055,"y":-0.35100582242012026,"z":-1.1826516389846802},"rotation":{"x":-0.03523024544119835,"y":0.9587900638580322,"z":-0.24367530643939973,"w":-0.1431988775730133},"size":1.1590681076049805,"orthographic":false}