{"cameraMode":{"drawMode":0,"name":"Shaded","section":"Shading Mode"},"sceneLighting":true,"audioPlay":false,"sceneViewState":{"showFog":true,"showMaterialUpdate":true,"showSkybox":true,"showFlares":true,"showImageEffects":true,"showParticleSystems":true},"in2DMode":false,"pivot":{"x":32.52435302734375,"y":-0.07085928320884705,"z":-0.5156694054603577},"rotation":{"x":-0.04736516624689102,"y":0.942909836769104,"z":-0.29147759079933169,"w":-0.15519264340400697},"size":0.7281562089920044,"orthographic":false}