{"cameraMode":{"drawMode":0,"name":"Shaded","section":"Shading Mode"},"sceneLighting":true,"audioPlay":false,"sceneViewState":{"showFog":true,"showMaterialUpdate":true,"showSkybox":true,"showFlares":true,"showImageEffects":true,"showParticleSystems":true},"in2DMode":false,"pivot":{"x":35.189998626708987,"y":1.9199999570846558,"z":-1.7226999998092652},"rotation":{"x":0.015037928707897663,"y":0.9801533818244934,"z":-0.18018916249275208,"w":0.08163279294967652},"size":1.3206119537353516,"orthographic":false}