{"cameraMode":{"drawMode":0,"name":"Shaded","section":"Shading Mode"},"sceneLighting":true,"audioPlay":false,"sceneViewState":{"showFog":true,"showMaterialUpdate":false,"showSkybox":true,"showFlares":true,"showImageEffects":true,"showParticleSystems":true},"in2DMode":false,"pivot":{"x":6.8899993896484379,"y":-1.0322649478912354,"z":-0.7863414287567139},"rotation":{"x":-0.012490300461649895,"y":-0.9252192974090576,"z":0.37805628776550295,"w":-0.03053129091858864},"size":5.2043328285217289,"orthographic":false}