{"cameraMode":{"drawMode":0,"name":"Shaded","section":"Shading Mode"},"sceneLighting":true,"audioPlay":false,"sceneViewState":{"showFog":true,"showMaterialUpdate":false,"showSkybox":true,"showFlares":true,"showImageEffects":true,"showParticleSystems":true},"in2DMode":false,"pivot":{"x":32.06380081176758,"y":0.13492530584335328,"z":-1.2457873821258546},"rotation":{"x":0.000871916301548481,"y":-0.9952459931373596,"z":0.0970536544919014,"w":0.008965020067989827},"size":0.8472912907600403,"orthographic":false}