{"cameraMode":{"drawMode":0,"name":"Shaded","section":"Shading Mode"},"sceneLighting":true,"audioPlay":false,"sceneViewState":{"showFog":true,"showMaterialUpdate":false,"showSkybox":true,"showFlares":true,"showImageEffects":true,"showParticleSystems":true},"in2DMode":false,"pivot":{"x":32.623199462890628,"y":-0.014999999664723874,"z":0.006000004708766937},"rotation":{"x":0.01011595781892538,"y":0.9891418814659119,"z":-0.1249786838889122,"w":0.077550008893013},"size":0.3535533845424652,"orthographic":false}