{"cameraMode":{"drawMode":0,"name":"Shaded","section":"Shading Mode"},"sceneLighting":true,"audioPlay":false,"sceneViewState":{"showFog":true,"showMaterialUpdate":false,"showSkybox":true,"showFlares":true,"showImageEffects":true,"showParticleSystems":true},"in2DMode":false,"pivot":{"x":0.038974761962890628,"y":1.12526535987854,"z":-1.4190783500671387},"rotation":{"x":-0.011489774100482464,"y":0.9711494445800781,"z":-0.23334768414497376,"w":-0.04781797155737877},"size":9.796475410461426,"orthographic":false}